Workbook

Sheet Data_1
B2: Job Title | C2: Experience (Years) | D2: Annual Salary ($USD) | E2: Bonus Max ($USD) | F2: Experience (=) | G2: Total Salary (+) | H2: Bonus Rate (/) | I2: Confirm Total Salary | J2: Does Total Salary = Confirmed Salary? | K2: Is Bonus > Annual Salary? | L2: Meets Experience | M2: Meets Salary | N2: Meets Both (1 or 0) | O2: Meets Both - Formula Only | P2: Meets Both | Q2: Meets Goals
B3: Data Scientist | C3: 5 | D3: 120000 | E3: 10000 | F3: =C3 -> 5 | G3: =D3+E3 -> 130000 | H3: =E3/D3 -> 0.083333333 | I3: =D3+D3*H3 -> 130000 | J3: =G3=I3 -> TRUE | K3: =E3>D3 -> FALSE | L3: =$C$15<=C3 -> TRUE | M3: =$G3>=$C$16 -> TRUE | N3: =L3*M3 -> 1 | O3: =L3*M3=1 -> TRUE | P3: =AND(L3,M3) -> TRUE | Q3: =IF(P3,"Goal Met", "Goal Not Met") -> Goal Met
B4: Machine Learning Engineer | C4: 4 | D4: 135000 | E4: 12000 | F4: =C4 -> 4 | G4: =D4+E4 -> 147000 | H4: =E4/D4 -> 0.088888889 | I4: =D4+D4*H4 -> 147000 | J4: =G4=I4 -> TRUE | K4: =E4>D4 -> FALSE | L4: =$C$15<=C4 -> FALSE | M4: =$G4>=$C$16 -> TRUE | N4: =L4*M4 -> 0 | O4: =L4*M4=1 -> FALSE | P4: =AND(L4,M4) -> FALSE | Q4: =IF(P4,"Goal Met", "Goal Not Met") -> Goal Not Met
B5: Data Analyst | C5: 2 | D5: 75000 | E5: 5000 | F5: =C5 -> 2 | G5: =D5+E5 -> 80000 | H5: =E5/D5 -> 0.066666667 | I5: =D5+D5*H5 -> 80000 | J5: =G5=I5 -> TRUE | K5: =E5>D5 -> FALSE | L5: =$C$15<=C5 -> FALSE | M5: =$G5>=$C$16 -> FALSE | N5: =L5*M5 -> 0 | O5: =L5*M5=1 -> FALSE | P5: =AND(L5,M5) -> FALSE | Q5: =IF(P5,"Goal Met", "Goal Not Met") -> Goal Not Met
B6: Business Intelligence Dev | C6: 6 | D6: 110000 | E6: 8000 | F6: =C6 -> 6 | G6: =D6+E6 -> 118000 | H6: =E6/D6 -> 0.072727273 | I6: =D6+D6*H6 -> 118000 | J6: =G6=I6 -> TRUE | K6: =E6>D6 -> FALSE | L6: =$C$15<=C6 -> TRUE | M6: =$G6>=$C$16 -> TRUE | N6: =L6*M6 -> 1 | O6: =L6*M6=1 -> TRUE | P6: =AND(L6,M6) -> TRUE | Q6: =IF(P6,"Goal Met", "Goal Not Met") -> Goal Met
B7: Data Engineer | C7: 3 | D7: 125000 | E7: 11000 | F7: =C7 -> 3 | G7: =D7+E7 -> 136000 | H7: =E7/D7 -> 0.088 | I7: =D7+D7*H7 -> 136000 | J7: =G7=I7 -> TRUE | K7: =E7>D7 -> FALSE | L7: =$C$15<=C7 -> FALSE | M7: =$G7>=$C$16 -> TRUE | N7: =L7*M7 -> 0 | O7: =L7*M7=1 -> FALSE | P7: =AND(L7,M7) -> FALSE | Q7: =IF(P7,"Goal Met", "Goal Not Met") -> Goal Not Met
B8: Statistician | C8: 7 | D8: 90000 | E8: 7000 | F8: =C8 -> 7 | G8: =D8+E8 -> 97000 | H8: =E8/D8 -> 0.077777778 | I8: =D8+D8*H8 -> 97000 | J8: =G8=I8 -> TRUE | K8: =E8>D8 -> FALSE | L8: =$C$15<=C8 -> TRUE | M8: =$G8>=$C$16 -> TRUE | N8: =L8*M8 -> 1 | O8: =L8*M8=1 -> TRUE | P8: =AND(L8,M8) -> TRUE | Q8: =IF(P8,"Goal Met", "Goal Not Met") -> Goal Met
B9: Data Architect | C9: 10 | D9: 150000 | E9: 15000 | F9: =C9 -> 10 | G9: =D9+E9 -> 165000 | H9: =E9/D9 -> 0.1 | I9: =D9+D9*H9 -> 165000 | J9: =G9=I9 -> TRUE | K9: =E9>D9 -> FALSE | L9: =$C$15<=C9 -> TRUE | M9: =$G9>=$C$16 -> TRUE | N9: =L9*M9 -> 1 | O9: =L9*M9=1 -> TRUE | P9: =AND(L9,M9) -> TRUE | Q9: =IF(P9,"Goal Met", "Goal Not Met") -> Goal Met
B10: Research Scientist | C10: 8 | D10: 130000 | E10: 13000 | F10: =C10 -> 8 | G10: =D10+E10 -> 143000 | H10: =E10/D10 -> 0.1 | I10: =D10+D10*H10 -> 143000 | J10: =G10=I10 -> TRUE | K10: =E10>D10 -> FALSE | L10: =$C$15<=C10 -> TRUE | M10: =$G10>=$C$16 -> TRUE | N10: =L10*M10 -> 1 | O10: =L10*M10=1 -> TRUE | P10: =AND(L10,M10) -> TRUE | Q10: =IF(P10,"Goal Met", "Goal Not Met") -> Goal Met
B11: AI Specialist | C11: 3 | D11: 140000 | E11: 14000 | F11: =C11 -> 3 | G11: =D11+E11 -> 154000 | H11: =E11/D11 -> 0.1 | I11: =D11+D11*H11 -> 154000 | J11: =G11=I11 -> TRUE | K11: =E11>D11 -> FALSE | L11: =$C$15<=C11 -> FALSE | M11: =$G11>=$C$16 -> TRUE | N11: =L11*M11 -> 0 | O11: =L11*M11=1 -> FALSE | P11: =AND(L11,M11) -> FALSE | Q11: =IF(P11,"Goal Met", "Goal Not Met") -> Goal Not Met
B12: Big Data Engineer | C12: 5 | D12: 115000 | E12: 9000 | F12: =C12 -> 5 | G12: =D12+E12 -> 124000 | H12: =E12/D12 -> 0.07826087 | I12: =D12+D12*H12 -> 124000 | J12: =G12=I12 -> TRUE | K12: =E12>D12 -> FALSE | L12: =$C$15<=C12 -> TRUE | M12: =$G12>=$C$16 -> TRUE | N12: =L12*M12 -> 1 | O12: =L12*M12=1 -> TRUE | P12: =AND(L12,M12) -> TRUE | Q12: =IF(P12,"Goal Met", "Goal Not Met") -> Goal Met
B14: Job Goals:
B15: Experience (<=) | C15: 5
B16: Total Salary (>=) | C16: 90000

Sheet Final_1
B2: Job Title | C2: Experience (Years) | D2: Annual Salary ($USD) | E2: Bonus Max ($USD) | F2: Experience (=) | G2: Total Salary (+) | H2: Bonus Rate (/) | I2: Confirm Total Salary | J2: Does Total Salary = Confirmed Salary? | K2: Is Bonus > Annual Salary? | L2: Meets Experience | M2: Meets Salary | N2: Meets Both (1 or 0) | O2: Meets Both - Formula Only | P2: Meets Both | Q2: Meets Goals
B3: Data Scientist | C3: 5 | D3: 120000 | E3: 10000 | F3: =C3 -> 5 | G3: =D3+E3 -> 130000 | H3: =E3/D3 -> 0.083333333 | I3: =D3+D3*H3 -> 130000 | J3: =G3=I3 -> TRUE | K3: =E3>D3 -> FALSE | L3: =$C$15<=C3 -> TRUE | M3: =$G3>=$C$16 -> TRUE | N3: =L3*M3 -> 1 | O3: =L3*M3=1 -> TRUE | P3: =AND(L3,M3) -> TRUE | Q3: =IF(P3, "Goal Met", "Not Met") -> Goal Met
B4: Machine Learning Engineer | C4: 4 | D4: 135000 | E4: 12000 | F4: =C4 -> 4 | G4: =D4+E4 -> 147000 | H4: =E4/D4 -> 0.088888889 | I4: =D4+D4*H4 -> 147000 | J4: =G4=I4 -> TRUE | K4: =E4>D4 -> FALSE | L4: =$C$15<=C4 -> FALSE | M4: =$G4>=$C$16 -> TRUE | N4: =L4*M4 -> 0 | O4: =L4*M4=1 -> FALSE | P4: =AND(L4,M4) -> FALSE | Q4: =IF(P4, "Goal Met", "Not Met") -> Not Met
B5: Data Analyst | C5: 2 | D5: 75000 | E5: 5000 | F5: =C5 -> 2 | G5: =D5+E5 -> 80000 | H5: =E5/D5 -> 0.066666667 | I5: =D5+D5*H5 -> 80000 | J5: =G5=I5 -> TRUE | K5: =E5>D5 -> FALSE | L5: =$C$15<=C5 -> FALSE | M5: =$G5>=$C$16 -> FALSE | N5: =L5*M5 -> 0 | O5: =L5*M5=1 -> FALSE | P5: =AND(L5,M5) -> FALSE | Q5: =IF(P5, "Goal Met", "Not Met") -> Not Met
B6: Business Intelligence Dev | C6: 6 | D6: 110000 | E6: 8000 | F6: =C6 -> 6 | G6: =D6+E6 -> 118000 | H6: =E6/D6 -> 0.072727273 | I6: =D6+D6*H6 -> 118000 | J6: =G6=I6 -> TRUE | K6: =E6>D6 -> FALSE | L6: =$C$15<=C6 -> TRUE | M6: =$G6>=$C$16 -> TRUE | N6: =L6*M6 -> 1 | O6: =L6*M6=1 -> TRUE | P6: =AND(L6,M6) -> TRUE | Q6: =IF(P6, "Goal Met", "Not Met") -> Goal Met
B7: Data Engineer | C7: 3 | D7: 125000 | E7: 11000 | F7: =C7 -> 3 | G7: =D7+E7 -> 136000 | H7: =E7/D7 -> 0.088 | I7: =D7+D7*H7 -> 136000 | J7: =G7=I7 -> TRUE | K7: =E7>D7 -> FALSE | L7: =$C$15<=C7 -> FALSE | M7: =$G7>=$C$16 -> TRUE | N7: =L7*M7 -> 0 | O7: =L7*M7=1 -> FALSE | P7: =AND(L7,M7) -> FALSE | Q7: =IF(P7, "Goal Met", "Not Met") -> Not Met
B8: Statistician | C8: 7 | D8: 90000 | E8: 7000 | F8: =C8 -> 7 | G8: =D8+E8 -> 97000 | H8: =E8/D8 -> 0.077777778 | I8: =D8+D8*H8 -> 97000 | J8: =G8=I8 -> TRUE | K8: =E8>D8 -> FALSE | L8: =$C$15<=C8 -> TRUE | M8: =$G8>=$C$16 -> TRUE | N8: =L8*M8 -> 1 | O8: =L8*M8=1 -> TRUE | P8: =AND(L8,M8) -> TRUE | Q8: =IF(P8, "Goal Met", "Not Met") -> Goal Met
B9: Data Architect | C9: 10 | D9: 150000 | E9: 15000 | F9: =C9 -> 10 | G9: =D9+E9 -> 165000 | H9: =E9/D9 -> 0.1 | I9: =D9+D9*H9 -> 165000 | J9: =G9=I9 -> TRUE | K9: =E9>D9 -> FALSE | L9: =$C$15<=C9 -> TRUE | M9: =$G9>=$C$16 -> TRUE | N9: =L9*M9 -> 1 | O9: =L9*M9=1 -> TRUE | P9: =AND(L9,M9) -> TRUE | Q9: =IF(P9, "Goal Met", "Not Met") -> Goal Met
B10: Research Scientist | C10: 8 | D10: 130000 | E10: 13000 | F10: =C10 -> 8 | G10: =D10+E10 -> 143000 | H10: =E10/D10 -> 0.1 | I10: =D10+D10*H10 -> 143000 | J10: =G10=I10 -> TRUE | K10: =E10>D10 -> FALSE | L10: =$C$15<=C10 -> TRUE | M10: =$G10>=$C$16 -> TRUE | N10: =L10*M10 -> 1 | O10: =L10*M10=1 -> TRUE | P10: =AND(L10,M10) -> TRUE | Q10: =IF(P10, "Goal Met", "Not Met") -> Goal Met
B11: AI Specialist | C11: 3 | D11: 140000 | E11: 14000 | F11: =C11 -> 3 | G11: =D11+E11 -> 154000 | H11: =E11/D11 -> 0.1 | I11: =D11+D11*H11 -> 154000 | J11: =G11=I11 -> TRUE | K11: =E11>D11 -> FALSE | L11: =$C$15<=C11 -> FALSE | M11: =$G11>=$C$16 -> TRUE | N11: =L11*M11 -> 0 | O11: =L11*M11=1 -> FALSE | P11: =AND(L11,M11) -> FALSE | Q11: =IF(P11, "Goal Met", "Not Met") -> Not Met
B12: Big Data Engineer | C12: 5 | D12: 115000 | E12: 9000 | F12: =C12 -> 5 | G12: =D12+E12 -> 124000 | H12: =E12/D12 -> 0.07826087 | I12: =D12+D12*H12 -> 124000 | J12: =G12=I12 -> TRUE | K12: =E12>D12 -> FALSE | L12: =$C$15<=C12 -> TRUE | M12: =$G12>=$C$16 -> TRUE | N12: =L12*M12 -> 1 | O12: =L12*M12=1 -> TRUE | P12: =AND(L12,M12) -> TRUE | Q12: =IF(P12, "Goal Met", "Not Met") -> Goal Met
B14: Job Goals:
B15: Experience (<=) | C15: 5
B16: Total Salary (>=) | C16: 90000

Sheet Data_2
A1: job_title_short | B1: job_posted_date | C1: job_location | D1: job_country | E1: company_name | F1: job_via | G1: job_schedule_type | H1: salary_year_avg | I1: job_work_from_home | J1: job_skills | K1: Data Analyst | L1: Business Analyst | M1: Both Roles | N1: =AND() | O1: =OR() | P1: Both Roles | Q1: 85000 | R1: Buckets | S1: Check | T1: Check
A2: Senior Data Engineer | B2: 44996.547 | C2: Aliso Viejo, CA | D2: United States | E2: Adroit Worldwide Media, Inc. (AWM Smart Shelf) | F2: via ZipRecruiter | G2: Full-time | H2: 135000 | I2: FALSE | J2: ['sql', 'python', 'gcp', 'power bi', 'tableau'] | K2: =IF($A2=$K$1, "Desired", "Not Desired") -> Not Desired | L2: =IF($A2=L$1, "Desired", "Not Desired") -> Not Desired | M2: =IF($A2=K$1, "Desired", IF($A2=L$1, "Desired","Not Desired")) -> Not Desired | N2: =AND(Data_2!$K$1=$A2,Data_2!$L$1=$A2) -> FALSE | O2: =OR($K$1=$A2,$L$1=$A2) -> FALSE | P2: Not Desired | Q2: {=_xlfn.IFS($H2="","No Data",$H2<$Q$1,"Low Salary",$H2>$Q$1,"Salary > 85k",$H2=$Q$1,"85k")} -> Salary > 85k | R2: =IF($H2>$Q$1,"Salary > 85k",IF($H2=$Q$1,"85k",IF($H2="","No Data","Low Salary"))) -> Salary > 85k | S2: =P2=M2 -> TRUE | T2: =Q2=R2 -> TRUE
A3: Data Analyst | B3: 45097.915 | C3: Anywhere | D3: Malta | E3: Jobmatchingpartner Ltd | F3: via LinkedIn Malta | G3: Contractor | H3: 35000 | I3: TRUE | J3: ['sql', 'r', 'python', 'hadoop', 'spark', 'looker'] | K3: =IF($A3=$K$1, "Desired", "Not Desired") -> Desired | L3: =IF($A3=L$1, "Desired", "Not Desired") -> Not Desired | M3: =IF($A3=K$1, "Desired", IF($A3=L$1, "Desired","Not Desired")) -> Desired | N3: =AND(Data_2!$K$1=$A3,Data_2!$L$1=$A3) -> FALSE | O3: =OR($K$1=$A3,$L$1=$A3) -> TRUE | P3: =IF(OR($K$1=$A3,$L$1=$A3),"Desired","Not Desired") -> Desired | Q3: {=_xlfn.IFS($H3="","No Data",$H3<$Q$1,"Low Salary",$H3>$Q$1,"Salary > 85k",$H3=$Q$1,"85k")} -> Low Salary | R3: =IF($H3>$Q$1,"Salary > 85k",IF($H3=$Q$1,"85k",IF($H3="","No Data","Low Salary"))) -> Low Salary | S3: =P3=M3 -> TRUE | T3: =Q3=R3 -> TRUE
A4: Data Analyst | B4: 45173.25 | C4: Reston, VA | D4: United States | E4: Octo Consulting Group | F4: via Snagajob | G4: Full-time | H4: 85000 | I4: FALSE | J4: ['sql', 'power bi'] | K4: =IF($A4=$K$1, "Desired", "Not Desired") -> Desired | L4: =IF($A4=L$1, "Desired", "Not Desired") -> Not Desired | M4: =IF($A4=K$1, "Desired", IF($A4=L$1, "Desired","Not Desired")) -> Desired | N4: =AND(Data_2!$K$1=$A4,Data_2!$L$1=$A4) -> FALSE | O4: =OR($K$1=$A4,$L$1=$A4) -> TRUE | P4: =IF(OR($K$1=$A4,$L$1=$A4),"Desired","Not Desired") -> Desired | Q4: {=_xlfn.IFS($H4="","No Data",$H4<$Q$1,"Low Salary",$H4>$Q$1,"Salary > 85k",$H4=$Q$1,"85k")} -> 85k | R4: =IF($H4>$Q$1,"Salary > 85k",IF($H4=$Q$1,"85k",IF($H4="","No Data","Low Salary"))) -> 85k | S4: =P4=M4 -> TRUE | T4: =Q4=R4 -> TRUE
A5: Data Scientist | B5: 45156.253 | C5: Cupertino, CA | D5: United States | E5: Apple | F5: via Snagajob | G5: Full-time | I5: FALSE | J5: ['sql', 'python', 'r'] | K5: =IF($A5=$K$1, "Desired", "Not Desired") -> Not Desired | L5: =IF($A5=L$1, "Desired", "Not Desired") -> Not Desired | M5: =IF($A5=K$1, "Desired", IF($A5=L$1, "Desired","Not Desired")) -> Not Desired | N5: =AND(Data_2!$K$1=$A5,Data_2!$L$1=$A5) -> FALSE | O5: =OR($K$1=$A5,$L$1=$A5) -> FALSE | P5: =IF(OR($K$1=$A5,$L$1=$A5),"Desired","Not Desired") -> Not Desired | Q5: {=_xlfn.IFS($H5="","No Data",$H5<$Q$1,"Low Salary",$H5>$Q$1,"Salary > 85k",$H5=$Q$1,"85k")} -> No Data | R5: =IF($H5>$Q$1,"Salary > 85k",IF($H5=$Q$1,"85k",IF($H5="","No Data","Low Salary"))) -> No Data | S5: =P5=M5 -> TRUE | T5: =Q5=R5 -> TRUE
A6: Senior Data Analyst | B6: 45147.803 | C6: Rochester, MN | D6: Sudan | E6: Securian Financial Group | F6: via Snagajob | G6: Full-time | I6: FALSE | J6: ['sql', 'aws', 'tableau', 'flow'] | K6: =IF($A6=$K$1, "Desired", "Not Desired") -> Not Desired | L6: =IF($A6=L$1, "Desired", "Not Desired") -> Not Desired | M6: =IF($A6=K$1, "Desired", IF($A6=L$1, "Desired","Not Desired")) -> Not Desired | N6: =AND(Data_2!$K$1=$A6,Data_2!$L$1=$A6) -> FALSE | O6: =OR($K$1=$A6,$L$1=$A6) -> FALSE | P6: =IF(OR($K$1=$A6,$L$1=$A6),"Desired","Not Desired") -> Not Desired | Q6: {=_xlfn.IFS($H6="","No Data",$H6<$Q$1,"Low Salary",$H6>$Q$1,"Salary > 85k",$H6=$Q$1,"85k")} -> No Data | R6: =IF($H6>$Q$1,"Salary > 85k",IF($H6=$Q$1,"85k",IF($H6="","No Data","Low Salary"))) -> No Data | S6: =P6=M6 -> TRUE | T6: =Q6=R6 -> TRUE
A7: Data Scientist | B7: 45202.753 | C7: Des Moines, IA | D7: United States | E7: EMC Insurance Companies | F7: via Snagajob | G7: Full-time and Part-time | I7: FALSE | J7: ['r', 'python', 'sql', 'hadoop'] | K7: =IF($A7=$K$1, "Desired", "Not Desired") -> Not Desired | L7: =IF($A7=L$1, "Desired", "Not Desired") -> Not Desired | M7: =IF($A7=K$1, "Desired", IF($A7=L$1, "Desired","Not Desired")) -> Not Desired | N7: =AND(Data_2!$K$1=$A7,Data_2!$L$1=$A7) -> FALSE | O7: =OR($K$1=$A7,$L$1=$A7) -> FALSE | P7: =IF(OR($K$1=$A7,$L$1=$A7),"Desired","Not Desired") -> Not Desired | Q7: {=_xlfn.IFS($H7="","No Data",$H7<$Q$1,"Low Salary",$H7>$Q$1,"Salary > 85k",$H7=$Q$1,"85k")} -> No Data | R7: =IF($H7>$Q$1,"Salary > 85k",IF($H7=$Q$1,"85k",IF($H7="","No Data","Low Salary"))) -> No Data | S7: =P7=M7 -> TRUE | T7: =Q7=R7 -> TRUE
A8: Data Analyst | B8: 44949.85 | C8: Atlanta, GA | D8: United States | E8: The E Group | F8: via ZipRecruiter | G8: Full-time | I8: FALSE | J8: ['sql', 'python', 'r', 'sql server', 'mysql', 'oracle', 'spss'] | K8: =IF($A8=$K$1, "Desired", "Not Desired") -> Desired | L8: =IF($A8=L$1, "Desired", "Not Desired") -> Not Desired | M8: =IF($A8=K$1, "Desired", IF($A8=L$1, "Desired","Not Desired")) -> Desired | N8: =AND(Data_2!$K$1=$A8,Data_2!$L$1=$A8) -> FALSE | O8: =OR($K$1=$A8,$L$1=$A8) -> TRUE | P8: =IF(OR($K$1=$A8,$L$1=$A8),"Desired","Not Desired") -> Desired | Q8: {=_xlfn.IFS($H8="","No Data",$H8<$Q$1,"Low Salary",$H8>$Q$1,"Salary > 85k",$H8=$Q$1,"85k")} -> No Data | R8: =IF($H8>$Q$1,"Salary > 85k",IF($H8=$Q$1,"85k",IF($H8="","No Data","Low Salary"))) -> No Data | S8: =P8=M8 -> TRUE | T8: =Q8=R8 -> TRUE
A9: Data Analyst | B9: 45001.627 | C9: Jacksonville, FL | D9: United States | E9: Okaya Corp | F9: via Indeed | G9: Full-time | H9: 115000 | I9: FALSE | J9: ['power bi'] | K9: =IF($A9=$K$1, "Desired", "Not Desired") -> Desired | L9: =IF($A9=L$1, "Desired", "Not Desired") -> Not Desired | M9: =IF($A9=K$1, "Desired", IF($A9=L$1, "Desired","Not Desired")) -> Desired | N9: =AND(Data_2!$K$1=$A9,Data_2!$L$1=$A9) -> FALSE | O9: =OR($K$1=$A9,$L$1=$A9) -> TRUE | P9: =IF(OR($K$1=$A9,$L$1=$A9),"Desired","Not Desired") -> Desired | Q9: {=_xlfn.IFS($H9="","No Data",$H9<$Q$1,"Low Salary",$H9>$Q$1,"Salary > 85k",$H9=$Q$1,"85k")} -> Salary > 85k | R9: =IF($H9>$Q$1,"Salary > 85k",IF($H9=$Q$1,"85k",IF($H9="","No Data","Low Salary"))) -> Salary > 85k | S9: =P9=M9 -> TRUE | T9: =Q9=R9 -> TRUE
A10: Data Analyst | B10: 45041.376 | C10: Dublin, CA | D10: United States | E10: NextPhase | F10: via ZipRecruiter | G10: Contractor | I10: FALSE | J10: ['sql', 'python', 'r', 'snowflake', 'oracle', 'tableau'] | K10: =IF($A10=$K$1, "Desired", "Not Desired") -> Desired | L10: =IF($A10=L$1, "Desired", "Not Desired") -> Not Desired | M10: =IF($A10=K$1, "Desired", IF($A10=L$1, "Desired","Not Desired")) -> Desired | N10: =AND(Data_2!$K$1=$A10,Data_2!$L$1=$A10) -> FALSE | O10: =OR($K$1=$A10,$L$1=$A10) -> TRUE | P10: =IF(OR($K$1=$A10,$L$1=$A10),"Desired","Not Desired") -> Desired | Q10: {=_xlfn.IFS($H10="","No Data",$H10<$Q$1,"Low Salary",$H10>$Q$1,"Salary > 85k",$H10=$Q$1,"85k")} -> No Data | R10: =IF($H10>$Q$1,"Salary > 85k",IF($H10=$Q$1,"85k",IF($H10="","No Data","Low Salary"))) -> No Data | S10: =P10=M10 -> TRUE | T10: =Q10=R10 -> TRUE
A11: Data Analyst | B11: 45106.587 | C11: Charlotte, NC | D11: United States | E11: Insight Global | F11: via LinkedIn | G11: Full-time | H11: 105000 | I11: FALSE | J11: ['sql', 'python', 'r', 'power bi'] | K11: =IF($A11=$K$1, "Desired", "Not Desired") -> Desired | L11: =IF($A11=L$1, "Desired", "Not Desired") -> Not Desired | M11: =IF($A11=K$1, "Desired", IF($A11=L$1, "Desired","Not Desired")) -> Desired | N11: =AND(Data_2!$K$1=$A11,Data_2!$L$1=$A11) -> FALSE | O11: =OR($K$1=$A11,$L$1=$A11) -> TRUE | P11: =IF(OR($K$1=$A11,$L$1=$A11),"Desired","Not Desired") -> Desired | Q11: {=_xlfn.IFS($H11="","No Data",$H11<$Q$1,"Low Salary",$H11>$Q$1,"Salary > 85k",$H11=$Q$1,"85k")} -> Salary > 85k | R11: =IF($H11>$Q$1,"Salary > 85k",IF($H11=$Q$1,"85k",IF($H11="","No Data","Low Salary"))) -> Salary > 85k | S11: =P11=M11 -> TRUE | T11: =Q11=R11 -> TRUE
A12: Data Scientist | B12: 45029.92 | C12: Sunnyvale, CA | D12: United States | E12: Walmart | F12: via Indeed | G12: Full-time | H12: 195000 | I12: FALSE | J12: ['python', 'scala', 'r', 'spark', 'tensorflow'] | K12: =IF($A12=$K$1, "Desired", "Not Desired") -> Not Desired | L12: =IF($A12=L$1, "Desired", "Not Desired") -> Not Desired | M12: =IF($A12=K$1, "Desired", IF($A12=L$1, "Desired","Not Desired")) -> Not Desired | N12: =AND(Data_2!$K$1=$A12,Data_2!$L$1=$A12) -> FALSE | O12: =OR($K$1=$A12,$L$1=$A12) -> FALSE | P12: =IF(OR($K$1=$A12,$L$1=$A12),"Desired","Not Desired") -> Not Desired | Q12: {=_xlfn.IFS($H12="","No Data",$H12<$Q$1,"Low Salary",$H12>$Q$1,"Salary > 85k",$H12=$Q$1,"85k")} -> Salary > 85k | R12: =IF($H12>$Q$1,"Salary > 85k",IF($H12=$Q$1,"85k",IF($H12="","No Data","Low Salary"))) -> Salary > 85k | S12: =P12=M12 -> TRUE | T12: =Q12=R12 -> TRUE
A13: Senior Data Scientist | B13: 45091.503 | C13: Pasadena, CA | D13: United States | E13: Harnham | F13: via Indeed | G13: Full-time | H13: 165000 | I13: FALSE | J13: ['python', 'sql', 'git'] | K13: =IF($A13=$K$1, "Desired", "Not Desired") -> Not Desired | L13: =IF($A13=L$1, "Desired", "Not Desired") -> Not Desired | M13: =IF($A13=K$1, "Desired", IF($A13=L$1, "Desired","Not Desired")) -> Not Desired | N13: =AND(Data_2!$K$1=$A13,Data_2!$L$1=$A13) -> FALSE | O13: =OR($K$1=$A13,$L$1=$A13) -> FALSE | P13: =IF(OR($K$1=$A13,$L$1=$A13),"Desired","Not Desired") -> Not Desired | Q13: {=_xlfn.IFS($H13="","No Data",$H13<$Q$1,"Low Salary",$H13>$Q$1,"Salary > 85k",$H13=$Q$1,"85k")} -> Salary > 85k | R13: =IF($H13>$Q$1,"Salary > 85k",IF($H13=$Q$1,"85k",IF($H13="","No Data","Low Salary"))) -> Salary > 85k | S13: =P13=M13 -> TRUE | T13: =Q13=R13 -> TRUE
A14: Data Scientist | B14: 45175.543 | C14: Houston, TX | D14: United States | E14: Stripe | F14: via IT JobServe | G14: Full-time | H14: 281450.5 | I14: FALSE | J14: ['python', 'sql', 'spark'] | K14: =IF($A14=$K$1, "Desired", "Not Desired") -> Not Desired | L14: =IF($A14=L$1, "Desired", "Not Desired") -> Not Desired | M14: =IF($A14=K$1, "Desired", IF($A14=L$1, "Desired","Not Desired")) -> Not Desired | N14: =AND(Data_2!$K$1=$A14,Data_2!$L$1=$A14) -> FALSE | O14: =OR($K$1=$A14,$L$1=$A14) -> FALSE | P14: =IF(OR($K$1=$A14,$L$1=$A14),"Desired","Not Desired") -> Not Desired | Q14: {=_xlfn.IFS($H14="","No Data",$H14<$Q$1,"Low Salary",$H14>$Q$1,"Salary > 85k",$H14=$Q$1,"85k")} -> Salary > 85k | R14: =IF($H14>$Q$1,"Salary > 85k",IF($H14=$Q$1,"85k",IF($H14="","No Data","Low Salary"))) -> Salary > 85k | S14: =P14=M14 -> TRUE | T14: =Q14=R14 -> TRUE
A15: Data Scientist | B15: 45117.778 | C15: Johannesburg, South Africa | D15: South Africa | E15: Standard Bank Group | F15: via Ai-Jobs.net | G15: Full-time | H15: 70000 | I15: FALSE | J15: ['sql', 'python', 'c#', 'java', 'c++', 'html', 'sas', 'sas', 'r', 'tableau', 'power bi', 'spss', 'qlik'] | K15: =IF($A15=$K$1, "Desired", "Not Desired") -> Not Desired | L15: =IF($A15=L$1, "Desired", "Not Desired") -> Not Desired | M15: =IF($A15=K$1, "Desired", IF($A15=L$1, "Desired","Not Desired")) -> Not Desired | N15: =AND(Data_2!$K$1=$A15,Data_2!$L$1=$A15) -> FALSE | O15: =OR($K$1=$A15,$L$1=$A15) -> FALSE | P15: =IF(OR($K$1=$A15,$L$1=$A15),"Desired","Not Desired") -> Not Desired | Q15: {=_xlfn.IFS($H15="","No Data",$H15<$Q$1,"Low Salary",$H15>$Q$1,"Salary > 85k",$H15=$Q$1,"85k")} -> Low Salary | R15: =IF($H15>$Q$1,"Salary > 85k",IF($H15=$Q$1,"85k",IF($H15="","No Data","Low Salary"))) -> Low Salary | S15: =P15=M15 -> TRUE | T15: =Q15=R15 -> TRUE
A16: Data Engineer | B16: 44938.614 | C16: Berlin, Germany | D16: Germany | E16: Vattenfall | F16: via Ai-Jobs.net | G16: Full-time | H16: 98301.5 | I16: FALSE | J16: ['python', 'azure'] | K16: =IF($A16=$K$1, "Desired", "Not Desired") -> Not Desired | L16: =IF($A16=L$1, "Desired", "Not Desired") -> Not Desired | M16: =IF($A16=K$1, "Desired", IF($A16=L$1, "Desired","Not Desired")) -> Not Desired | N16: =AND(Data_2!$K$1=$A16,Data_2!$L$1=$A16) -> FALSE | O16: =OR($K$1=$A16,$L$1=$A16) -> FALSE | P16: =IF(OR($K$1=$A16,$L$1=$A16),"Desired","Not Desired") -> Not Desired | Q16: {=_xlfn.IFS($H16="","No Data",$H16<$Q$1,"Low Salary",$H16>$Q$1,"Salary > 85k",$H16=$Q$1,"85k")} -> Salary > 85k | R16: =IF($H16>$Q$1,"Salary > 85k",IF($H16=$Q$1,"85k",IF($H16="","No Data","Low Salary"))) -> Salary > 85k | S16: =P16=M16 -> TRUE | T16: =Q16=R16 -> TRUE
A17: Data Engineer | B17: 44985.354 | C17: Amsterdam, Netherlands | D17: Netherlands | E17: Devoteam | F17: via Ai-Jobs.net | G17: Full-time | H17: 89100 | I17: FALSE | J17: ['sql', 'gcp', 'unix', 'docker'] | K17: =IF($A17=$K$1, "Desired", "Not Desired") -> Not Desired | L17: =IF($A17=L$1, "Desired", "Not Desired") -> Not Desired | M17: =IF($A17=K$1, "Desired", IF($A17=L$1, "Desired","Not Desired")) -> Not Desired | N17: =AND(Data_2!$K$1=$A17,Data_2!$L$1=$A17) -> FALSE | O17: =OR($K$1=$A17,$L$1=$A17) -> FALSE | P17: =IF(OR($K$1=$A17,$L$1=$A17),"Desired","Not Desired") -> Not Desired | Q17: {=_xlfn.IFS($H17="","No Data",$H17<$Q$1,"Low Salary",$H17>$Q$1,"Salary > 85k",$H17=$Q$1,"85k")} -> Salary > 85k | R17: =IF($H17>$Q$1,"Salary > 85k",IF($H17=$Q$1,"85k",IF($H17="","No Data","Low Salary"))) -> Salary > 85k | S17: =P17=M17 -> TRUE | T17: =Q17=R17 -> TRUE
A18: Business Analyst | B18: 45063.792 | C18: Dallas, TX | D18: United States | E18: DISYS | F18: via Indeed | G18: Contractor | H18: 85000 | I18: FALSE | J18: ['sql', 'html', 'sql server', 'oracle', 'snowflake', 'power bi', 'sharepoint', 'dax', 'excel', 'jira'] | K18: =IF($A18=$K$1, "Desired", "Not Desired") -> Not Desired | L18: =IF($A18=L$1, "Desired", "Not Desired") -> Desired | M18: =IF($A18=K$1, "Desired", IF($A18=L$1, "Desired","Not Desired")) -> Desired | N18: =AND(Data_2!$K$1=$A18,Data_2!$L$1=$A18) -> FALSE | O18: =OR($K$1=$A18,$L$1=$A18) -> TRUE | P18: =IF(OR($K$1=$A18,$L$1=$A18),"Desired","Not Desired") -> Desired | Q18: {=_xlfn.IFS($H18="","No Data",$H18<$Q$1,"Low Salary",$H18>$Q$1,"Salary > 85k",$H18=$Q$1,"85k")} -> 85k | R18: =IF($H18>$Q$1,"Salary > 85k",IF($H18=$Q$1,"85k",IF($H18="","No Data","Low Salary"))) -> 85k | S18: =P18=M18 -> TRUE | T18: =Q18=R18 -> TRUE
A19: Data Scientist | B19: 45017.005 | C19: Broomfield, CO | D19: Sudan | E19: Datalab USA | F19: via Indeed | G19: Full-time | H19: 87500 | I19: FALSE | J19: ['sql', 'r', 'python', 'tableau', 'excel'] | K19: =IF($A19=$K$1, "Desired", "Not Desired") -> Not Desired | L19: =IF($A19=L$1, "Desired", "Not Desired") -> Not Desired | M19: =IF($A19=K$1, "Desired", IF($A19=L$1, "Desired","Not Desired")) -> Not Desired | N19: =AND(Data_2!$K$1=$A19,Data_2!$L$1=$A19) -> FALSE | O19: =OR($K$1=$A19,$L$1=$A19) -> FALSE | P19: =IF(OR($K$1=$A19,$L$1=$A19),"Desired","Not Desired") -> Not Desired | Q19: {=_xlfn.IFS($H19="","No Data",$H19<$Q$1,"Low Salary",$H19>$Q$1,"Salary > 85k",$H19=$Q$1,"85k")} -> Salary > 85k | R19: =IF($H19>$Q$1,"Salary > 85k",IF($H19=$Q$1,"85k",IF($H19="","No Data","Low Salary"))) -> Salary > 85k | S19: =P19=M19 -> TRUE | T19: =Q19=R19 -> TRUE
A20: Data Scientist | B20: 45169.642 | C20: Anywhere | D20: Sudan | E20: Fortira Inc. | F20: via LinkedIn | G20: Contractor | I20: TRUE | J20: ['sql', 'sas', 'sas', 'r', 'python', 'snowflake', 'hadoop'] | K20: =IF($A20=$K$1, "Desired", "Not Desired") -> Not Desired | L20: =IF($A20=L$1, "Desired", "Not Desired") -> Not Desired | M20: =IF($A20=K$1, "Desired", IF($A20=L$1, "Desired","Not Desired")) -> Not Desired | N20: =AND(Data_2!$K$1=$A20,Data_2!$L$1=$A20) -> FALSE | O20: =OR($K$1=$A20,$L$1=$A20) -> FALSE | P20: =IF(OR($K$1=$A20,$L$1=$A20),"Desired","Not Desired") -> Not Desired | Q20: {=_xlfn.IFS($H20="","No Data",$H20<$Q$1,"Low Salary",$H20>$Q$1,"Salary > 85k",$H20=$Q$1,"85k")} -> No Data | R20: =IF($H20>$Q$1,"Salary > 85k",IF($H20=$Q$1,"85k",IF($H20="","No Data","Low Salary"))) -> No Data | S20: =P20=M20 -> TRUE | T20: =Q20=R20 -> TRUE
A21: Business Analyst | B21: 45000.543 | C21: Palo Alto, CA | D21: United States | E21: Denodo Technologies | F21: via Ladders | G21: Full-time | H21: 90000 | I21: FALSE | J21: ['power bi', 'excel', 'powerpoint', 'flow'] | K21: =IF($A21=$K$1, "Desired", "Not Desired") -> Not Desired | L21: =IF($A21=L$1, "Desired", "Not Desired") -> Desired | M21: =IF($A21=K$1, "Desired", IF($A21=L$1, "Desired","Not Desired")) -> Desired | N21: =AND(Data_2!$K$1=$A21,Data_2!$L$1=$A21) -> FALSE | O21: =OR($K$1=$A21,$L$1=$A21) -> TRUE | P21: =IF(OR($K$1=$A21,$L$1=$A21),"Desired","Not Desired") -> Desired | Q21: {=_xlfn.IFS($H21="","No Data",$H21<$Q$1,"Low Salary",$H21>$Q$1,"Salary > 85k",$H21=$Q$1,"85k")} -> Salary > 85k | R21: =IF($H21>$Q$1,"Salary > 85k",IF($H21=$Q$1,"85k",IF($H21="","No Data","Low Salary"))) -> Salary > 85k | S21: =P21=M21 -> TRUE | T21: =Q21=R21 -> TRUE

Sheet Final_2
A1: job_title_short | B1: job_posted_date | C1: job_location | D1: job_country | E1: company_name | F1: job_via | G1: job_schedule_type | H1: salary_year_avg | I1: job_work_from_home | J1: job_skills | K1: Data Analyst | L1: Business Analyst | M1: Both Roles | N1: =AND() | O1: =OR() | P1: Both Roles | Q1: 85000 | R1: Buckets | XFD1: =SUM(Q1:XFC1) -> 85000
A2: Senior Data Engineer | B2: 44996.547 | C2: Aliso Viejo, CA | D2: United States | E2: Adroit Worldwide Media, Inc. (AWM Smart Shelf) | F2: via ZipRecruiter | G2: Full-time | H2: 135000 | I2: FALSE | J2: ['sql', 'python', 'gcp', 'power bi', 'tableau'] | K2: =IF($A2=$K$1, "Role Desired", "NOT Desired") -> NOT Desired | L2: =IF($A2=$L$1, "Role Desired", "NOT Desired") -> NOT Desired | M2: =IF($A2=$K$1, "Role Desired",IF($A2=$L$1, "Role Desired", "NOT Desired")) -> NOT Desired | N2: =AND($A2=$K$1, $A2=$L$1) -> FALSE | O2: =OR($A2=$K$1, $A2=$L$1) -> FALSE | P2: =IF(OR($A2=$K$1, $A2=$L$1), "Role Desired", "NOT Desired") -> NOT Desired | Q2: =IF($H2>$Q$1, "Salary > 85K", "Salary Low") -> Salary > 85K | R2: {=_xlfn.IFS(H2="", "No Data", H2>=$Q$1, "Salary > 85K", TRUE, "Salary Low")} -> Salary > 85K
A3: Data Analyst | B3: 45097.915 | C3: Anywhere | D3: Malta | E3: Jobmatchingpartner Ltd | F3: via LinkedIn Malta | G3: Contractor | H3: 35000 | I3: TRUE | J3: ['sql', 'r', 'python', 'hadoop', 'spark', 'looker'] | K3: =IF($A3=$K$1, "Role Desired", "NOT Desired") -> Role Desired | L3: =IF($A3=$L$1, "Role Desired", "NOT Desired") -> NOT Desired | M3: =IF($A3=$K$1, "Role Desired",IF($A3=$L$1, "Role Desired", "NOT Desired")) -> Role Desired | N3: =AND($A3=$K$1, $A3=$L$1) -> FALSE | O3: =OR($A3=$K$1, $A3=$L$1) -> TRUE | P3: =IF(OR($A3=$K$1, $A3=$L$1), "Role Desired", "NOT Desired") -> Role Desired | Q3: =IF($H3>$Q$1, "Salary > 85K", "Salary Low") -> Salary Low | R3: {=_xlfn.IFS(H3="", "No Data", H3>=$Q$1, "Salary > 85K", TRUE, "Salary Low")} -> Salary Low
A4: Data Analyst | B4: 45173.25 | C4: Reston, VA | D4: United States | E4: Octo Consulting Group | F4: via Snagajob | G4: Full-time | I4: FALSE | J4: ['sql', 'power bi'] | K4: =IF($A4=$K$1, "Role Desired", "NOT Desired") -> Role Desired | L4: =IF($A4=$L$1, "Role Desired", "NOT Desired") -> NOT Desired | M4: =IF($A4=$K$1, "Role Desired",IF($A4=$L$1, "Role Desired", "NOT Desired")) -> Role Desired | N4: =AND($A4=$K$1, $A4=$L$1) -> FALSE | O4: =OR($A4=$K$1, $A4=$L$1) -> TRUE | P4: =IF(OR($A4=$K$1, $A4=$L$1), "Role Desired", "NOT Desired") -> Role Desired | Q4: =IF($H4>$Q$1, "Salary > 85K", "Salary Low") -> Salary Low | R4: {=_xlfn.IFS(H4="", "No Data", H4>=$Q$1, "Salary > 85K", TRUE, "Salary Low")} -> No Data
A5: Data Scientist | B5: 45156.253 | C5: Cupertino, CA | D5: United States | E5: Apple | F5: via Snagajob | G5: Full-time | I5: FALSE | J5: ['sql', 'python', 'r'] | K5: =IF($A5=$K$1, "Role Desired", "NOT Desired") -> NOT Desired | L5: =IF($A5=$L$1, "Role Desired", "NOT Desired") -> NOT Desired | M5: =IF($A5=$K$1, "Role Desired",IF($A5=$L$1, "Role Desired", "NOT Desired")) -> NOT Desired | N5: =AND($A5=$K$1, $A5=$L$1) -> FALSE | O5: =OR($A5=$K$1, $A5=$L$1) -> FALSE | P5: =IF(OR($A5=$K$1, $A5=$L$1), "Role Desired", "NOT Desired") -> NOT Desired | Q5: =IF($H5>$Q$1, "Salary > 85K", "Salary Low") -> Salary Low | R5: {=_xlfn.IFS(H5="", "No Data", H5>=$Q$1, "Salary > 85K", TRUE, "Salary Low")} -> No Data
A6: Senior Data Analyst | B6: 45147.803 | C6: Rochester, MN | D6: Sudan | E6: Securian Financial Group | F6: via Snagajob | G6: Full-time | I6: FALSE | J6: ['sql', 'aws', 'tableau', 'flow'] | K6: =IF($A6=$K$1, "Role Desired", "NOT Desired") -> NOT Desired | L6: =IF($A6=$L$1, "Role Desired", "NOT Desired") -> NOT Desired | M6: =IF($A6=$K$1, "Role Desired",IF($A6=$L$1, "Role Desired", "NOT Desired")) -> NOT Desired | N6: =AND($A6=$K$1, $A6=$L$1) -> FALSE | O6: =OR($A6=$K$1, $A6=$L$1) -> FALSE | P6: =IF(OR($A6=$K$1, $A6=$L$1), "Role Desired", "NOT Desired") -> NOT Desired | Q6: =IF($H6>$Q$1, "Salary > 85K", "Salary Low") -> Salary Low | R6: {=_xlfn.IFS(H6="", "No Data", H6>=$Q$1, "Salary > 85K", TRUE, "Salary Low")} -> No Data
A7: Data Scientist | B7: 45202.753 | C7: Des Moines, IA | D7: United States | E7: EMC Insurance Companies | F7: via Snagajob | G7: Full-time and Part-time | I7: FALSE | J7: ['r', 'python', 'sql', 'hadoop'] | K7: =IF($A7=$K$1, "Role Desired", "NOT Desired") -> NOT Desired | L7: =IF($A7=$L$1, "Role Desired", "NOT Desired") -> NOT Desired | M7: =IF($A7=$K$1, "Role Desired",IF($A7=$L$1, "Role Desired", "NOT Desired")) -> NOT Desired | N7: =AND($A7=$K$1, $A7=$L$1) -> FALSE | O7: =OR($A7=$K$1, $A7=$L$1) -> FALSE | P7: =IF(OR($A7=$K$1, $A7=$L$1), "Role Desired", "NOT Desired") -> NOT Desired | Q7: =IF($H7>$Q$1, "Salary > 85K", "Salary Low") -> Salary Low | R7: {=_xlfn.IFS(H7="", "No Data", H7>=$Q$1, "Salary > 85K", TRUE, "Salary Low")} -> No Data
A8: Data Analyst | B8: 44949.85 | C8: Atlanta, GA | D8: United States | E8: The E Group | F8: via ZipRecruiter | G8: Full-time | I8: FALSE | J8: ['sql', 'python', 'r', 'sql server', 'mysql', 'oracle', 'spss'] | K8: =IF($A8=$K$1, "Role Desired", "NOT Desired") -> Role Desired | L8: =IF($A8=$L$1, "Role Desired", "NOT Desired") -> NOT Desired | M8: =IF($A8=$K$1, "Role Desired",IF($A8=$L$1, "Role Desired", "NOT Desired")) -> Role Desired | N8: =AND($A8=$K$1, $A8=$L$1) -> FALSE | O8: =OR($A8=$K$1, $A8=$L$1) -> TRUE | P8: =IF(OR($A8=$K$1, $A8=$L$1), "Role Desired", "NOT Desired") -> Role Desired | Q8: =IF($H8>$Q$1, "Salary > 85K", "Salary Low") -> Salary Low | R8: {=_xlfn.IFS(H8="", "No Data", H8>=$Q$1, "Salary > 85K", TRUE, "Salary Low")} -> No Data
A9: Data Analyst | B9: 45001.627 | C9: Jacksonville, FL | D9: United States | E9: Okaya Corp | F9: via Indeed | G9: Full-time | H9: 115000 | I9: FALSE | J9: ['power bi'] | K9: =IF($A9=$K$1, "Role Desired", "NOT Desired") -> Role Desired | L9: =IF($A9=$L$1, "Role Desired", "NOT Desired") -> NOT Desired | M9: =IF($A9=$K$1, "Role Desired",IF($A9=$L$1, "Role Desired", "NOT Desired")) -> Role Desired | N9: =AND($A9=$K$1, $A9=$L$1) -> FALSE | O9: =OR($A9=$K$1, $A9=$L$1) -> TRUE | P9: =IF(OR($A9=$K$1, $A9=$L$1), "Role Desired", "NOT Desired") -> Role Desired | Q9: =IF($H9>$Q$1, "Salary > 85K", "Salary Low") -> Salary > 85K | R9: {=_xlfn.IFS(H9="", "No Data", H9>=$Q$1, "Salary > 85K", TRUE, "Salary Low")} -> Salary > 85K
A10: Data Analyst | B10: 45041.376 | C10: Dublin, CA | D10: United States | E10: NextPhase | F10: via ZipRecruiter | G10: Contractor | I10: FALSE | J10: ['sql', 'python', 'r', 'snowflake', 'oracle', 'tableau'] | K10: =IF($A10=$K$1, "Role Desired", "NOT Desired") -> Role Desired | L10: =IF($A10=$L$1, "Role Desired", "NOT Desired") -> NOT Desired | M10: =IF($A10=$K$1, "Role Desired",IF($A10=$L$1, "Role Desired", "NOT Desired")) -> Role Desired | N10: =AND($A10=$K$1, $A10=$L$1) -> FALSE | O10: =OR($A10=$K$1, $A10=$L$1) -> TRUE | P10: =IF(OR($A10=$K$1, $A10=$L$1), "Role Desired", "NOT Desired") -> Role Desired | Q10: =IF($H10>$Q$1, "Salary > 85K", "Salary Low") -> Salary Low | R10: {=_xlfn.IFS(H10="", "No Data", H10>=$Q$1, "Salary > 85K", TRUE, "Salary Low")} -> No Data
A11: Data Analyst | B11: 45106.587 | C11: Charlotte, NC | D11: United States | E11: Insight Global | F11: via LinkedIn | G11: Full-time | H11: 105000 | I11: FALSE | J11: ['sql', 'python', 'r', 'power bi'] | K11: =IF($A11=$K$1, "Role Desired", "NOT Desired") -> Role Desired | L11: =IF($A11=$L$1, "Role Desired", "NOT Desired") -> NOT Desired | M11: =IF($A11=$K$1, "Role Desired",IF($A11=$L$1, "Role Desired", "NOT Desired")) -> Role Desired | N11: =AND($A11=$K$1, $A11=$L$1) -> FALSE | O11: =OR($A11=$K$1, $A11=$L$1) -> TRUE | P11: =IF(OR($A11=$K$1, $A11=$L$1), "Role Desired", "NOT Desired") -> Role Desired | Q11: =IF($H11>$Q$1, "Salary > 85K", "Salary Low") -> Salary > 85K | R11: {=_xlfn.IFS(H11="", "No Data", H11>=$Q$1, "Salary > 85K", TRUE, "Salary Low")} -> Salary > 85K
A12: Data Scientist | B12: 45029.92 | C12: Sunnyvale, CA | D12: United States | E12: Walmart | F12: via Indeed | G12: Full-time | H12: 195000 | I12: FALSE | J12: ['python', 'scala', 'r', 'spark', 'tensorflow'] | K12: =IF($A12=$K$1, "Role Desired", "NOT Desired") -> NOT Desired | L12: =IF($A12=$L$1, "Role Desired", "NOT Desired") -> NOT Desired | M12: =IF($A12=$K$1, "Role Desired",IF($A12=$L$1, "Role Desired", "NOT Desired")) -> NOT Desired | N12: =AND($A12=$K$1, $A12=$L$1) -> FALSE | O12: =OR($A12=$K$1, $A12=$L$1) -> FALSE | P12: =IF(OR($A12=$K$1, $A12=$L$1), "Role Desired", "NOT Desired") -> NOT Desired | Q12: =IF($H12>$Q$1, "Salary > 85K", "Salary Low") -> Salary > 85K | R12: {=_xlfn.IFS(H12="", "No Data", H12>=$Q$1, "Salary > 85K", TRUE, "Salary Low")} -> Salary > 85K
A13: Senior Data Scientist | B13: 45091.503 | C13: Pasadena, CA | D13: United States | E13: Harnham | F13: via Indeed | G13: Full-time | H13: 165000 | I13: FALSE | J13: ['python', 'sql', 'git'] | K13: =IF($A13=$K$1, "Role Desired", "NOT Desired") -> NOT Desired | L13: =IF($A13=$L$1, "Role Desired", "NOT Desired") -> NOT Desired | M13: =IF($A13=$K$1, "Role Desired",IF($A13=$L$1, "Role Desired", "NOT Desired")) -> NOT Desired | N13: =AND($A13=$K$1, $A13=$L$1) -> FALSE | O13: =OR($A13=$K$1, $A13=$L$1) -> FALSE | P13: =IF(OR($A13=$K$1, $A13=$L$1), "Role Desired", "NOT Desired") -> NOT Desired | Q13: =IF($H13>$Q$1, "Salary > 85K", "Salary Low") -> Salary > 85K | R13: {=_xlfn.IFS(H13="", "No Data", H13>=$Q$1, "Salary > 85K", TRUE, "Salary Low")} -> Salary > 85K
A14: Data Scientist | B14: 45175.543 | C14: Houston, TX | D14: United States | E14: Stripe | F14: via IT JobServe | G14: Full-time | H14: 281450.5 | I14: FALSE | J14: ['python', 'sql', 'spark'] | K14: =IF($A14=$K$1, "Role Desired", "NOT Desired") -> NOT Desired | L14: =IF($A14=$L$1, "Role Desired", "NOT Desired") -> NOT Desired | M14: =IF($A14=$K$1, "Role Desired",IF($A14=$L$1, "Role Desired", "NOT Desired")) -> NOT Desired | N14: =AND($A14=$K$1, $A14=$L$1) -> FALSE | O14: =OR($A14=$K$1, $A14=$L$1) -> FALSE | P14: =IF(OR($A14=$K$1, $A14=$L$1), "Role Desired", "NOT Desired") -> NOT Desired | Q14: =IF($H14>$Q$1, "Salary > 85K", "Salary Low") -> Salary > 85K | R14: {=_xlfn.IFS(H14="", "No Data", H14>=$Q$1, "Salary > 85K", TRUE, "Salary Low")} -> Salary > 85K
A15: Data Scientist | B15: 45117.778 | C15: Johannesburg, South Africa | D15: South Africa | E15: Standard Bank Group | F15: via Ai-Jobs.net | G15: Full-time | H15: 70000 | I15: FALSE | J15: ['sql', 'python', 'c#', 'java', 'c++', 'html', 'sas', 'sas', 'r', 'tableau', 'power bi', 'spss', 'qlik'] | K15: =IF($A15=$K$1, "Role Desired", "NOT Desired") -> NOT Desired | L15: =IF($A15=$L$1, "Role Desired", "NOT Desired") -> NOT Desired | M15: =IF($A15=$K$1, "Role Desired",IF($A15=$L$1, "Role Desired", "NOT Desired")) -> NOT Desired | N15: =AND($A15=$K$1, $A15=$L$1) -> FALSE | O15: =OR($A15=$K$1, $A15=$L$1) -> FALSE | P15: =IF(OR($A15=$K$1, $A15=$L$1), "Role Desired", "NOT Desired") -> NOT Desired | Q15: =IF($H15>$Q$1, "Salary > 85K", "Salary Low") -> Salary Low | R15: {=_xlfn.IFS(H15="", "No Data", H15>=$Q$1, "Salary > 85K", TRUE, "Salary Low")} -> Salary Low
A16: Data Engineer | B16: 44938.614 | C16: Berlin, Germany | D16: Germany | E16: Vattenfall | F16: via Ai-Jobs.net | G16: Full-time | H16: 98301.5 | I16: FALSE | J16: ['python', 'azure'] | K16: =IF($A16=$K$1, "Role Desired", "NOT Desired") -> NOT Desired | L16: =IF($A16=$L$1, "Role Desired", "NOT Desired") -> NOT Desired | M16: =IF($A16=$K$1, "Role Desired",IF($A16=$L$1, "Role Desired", "NOT Desired")) -> NOT Desired | N16: =AND($A16=$K$1, $A16=$L$1) -> FALSE | O16: =OR($A16=$K$1, $A16=$L$1) -> FALSE | P16: =IF(OR($A16=$K$1, $A16=$L$1), "Role Desired", "NOT Desired") -> NOT Desired | Q16: =IF($H16>$Q$1, "Salary > 85K", "Salary Low") -> Salary > 85K | R16: {=_xlfn.IFS(H16="", "No Data", H16>=$Q$1, "Salary > 85K", TRUE, "Salary Low")} -> Salary > 85K
A17: Data Engineer | B17: 44985.354 | C17: Amsterdam, Netherlands | D17: Netherlands | E17: Devoteam | F17: via Ai-Jobs.net | G17: Full-time | H17: 89100 | I17: FALSE | J17: ['sql', 'gcp', 'unix', 'docker'] | K17: =IF($A17=$K$1, "Role Desired", "NOT Desired") -> NOT Desired | L17: =IF($A17=$L$1, "Role Desired", "NOT Desired") -> NOT Desired | M17: =IF($A17=$K$1, "Role Desired",IF($A17=$L$1, "Role Desired", "NOT Desired")) -> NOT Desired | N17: =AND($A17=$K$1, $A17=$L$1) -> FALSE | O17: =OR($A17=$K$1, $A17=$L$1) -> FALSE | P17: =IF(OR($A17=$K$1, $A17=$L$1), "Role Desired", "NOT Desired") -> NOT Desired | Q17: =IF($H17>$Q$1, "Salary > 85K", "Salary Low") -> Salary > 85K | R17: {=_xlfn.IFS(H17="", "No Data", H17>=$Q$1, "Salary > 85K", TRUE, "Salary Low")} -> Salary > 85K
A18: Business Analyst | B18: 45063.792 | C18: Dallas, TX | D18: United States | E18: DISYS | F18: via Indeed | G18: Contractor | I18: FALSE | J18: ['sql', 'html', 'sql server', 'oracle', 'snowflake', 'power bi', 'sharepoint', 'dax', 'excel', 'jira'] | K18: =IF($A18=$K$1, "Role Desired", "NOT Desired") -> NOT Desired | L18: =IF($A18=$L$1, "Role Desired", "NOT Desired") -> Role Desired | M18: =IF($A18=$K$1, "Role Desired",IF($A18=$L$1, "Role Desired", "NOT Desired")) -> Role Desired | N18: =AND($A18=$K$1, $A18=$L$1) -> FALSE | O18: =OR($A18=$K$1, $A18=$L$1) -> TRUE | P18: =IF(OR($A18=$K$1, $A18=$L$1), "Role Desired", "NOT Desired") -> Role Desired | Q18: =IF($H18>$Q$1, "Salary > 85K", "Salary Low") -> Salary Low | R18: {=_xlfn.IFS(H18="", "No Data", H18>=$Q$1, "Salary > 85K", TRUE, "Salary Low")} -> No Data
A19: Data Scientist | B19: 45017.005 | C19: Broomfield, CO | D19: Sudan | E19: Datalab USA | F19: via Indeed | G19: Full-time | H19: 87500 | I19: FALSE | J19: ['sql', 'r', 'python', 'tableau', 'excel'] | K19: =IF($A19=$K$1, "Role Desired", "NOT Desired") -> NOT Desired | L19: =IF($A19=$L$1, "Role Desired", "NOT Desired") -> NOT Desired | M19: =IF($A19=$K$1, "Role Desired",IF($A19=$L$1, "Role Desired", "NOT Desired")) -> NOT Desired | N19: =AND($A19=$K$1, $A19=$L$1) -> FALSE | O19: =OR($A19=$K$1, $A19=$L$1) -> FALSE | P19: =IF(OR($A19=$K$1, $A19=$L$1), "Role Desired", "NOT Desired") -> NOT Desired | Q19: =IF($H19>$Q$1, "Salary > 85K", "Salary Low") -> Salary > 85K | R19: {=_xlfn.IFS(H19="", "No Data", H19>=$Q$1, "Salary > 85K", TRUE, "Salary Low")} -> Salary > 85K
A20: Data Scientist | B20: 45169.642 | C20: Anywhere | D20: Sudan | E20: Fortira Inc. | F20: via LinkedIn | G20: Contractor | I20: TRUE | J20: ['sql', 'sas', 'sas', 'r', 'python', 'snowflake', 'hadoop'] | K20: =IF($A20=$K$1, "Role Desired", "NOT Desired") -> NOT Desired | L20: =IF($A20=$L$1, "Role Desired", "NOT Desired") -> NOT Desired | M20: =IF($A20=$K$1, "Role Desired",IF($A20=$L$1, "Role Desired", "NOT Desired")) -> NOT Desired | N20: =AND($A20=$K$1, $A20=$L$1) -> FALSE | O20: =OR($A20=$K$1, $A20=$L$1) -> FALSE | P20: =IF(OR($A20=$K$1, $A20=$L$1), "Role Desired", "NOT Desired") -> NOT Desired | Q20: =IF($H20>$Q$1, "Salary > 85K", "Salary Low") -> Salary Low | R20: {=_xlfn.IFS(H20="", "No Data", H20>=$Q$1, "Salary > 85K", TRUE, "Salary Low")} -> No Data
A21: Business Analyst | B21: 45000.543 | C21: Palo Alto, CA | D21: United States | E21: Denodo Technologies | F21: via Ladders | G21: Full-time | H21: 90000 | I21: FALSE | J21: ['power bi', 'excel', 'powerpoint', 'flow'] | K21: =IF($A21=$K$1, "Role Desired", "NOT Desired") -> NOT Desired | L21: =IF($A21=$L$1, "Role Desired", "NOT Desired") -> Role Desired | M21: =IF($A21=$K$1, "Role Desired",IF($A21=$L$1, "Role Desired", "NOT Desired")) -> Role Desired | N21: =AND($A21=$K$1, $A21=$L$1) -> FALSE | O21: =OR($A21=$K$1, $A21=$L$1) -> TRUE | P21: =IF(OR($A21=$K$1, $A21=$L$1), "Role Desired", "NOT Desired") -> Role Desired | Q21: =IF($H21>$Q$1, "Salary > 85K", "Salary Low") -> Salary > 85K | R21: {=_xlfn.IFS(H21="", "No Data", H21>=$Q$1, "Salary > 85K", TRUE, "Salary Low")} -> Salary > 85K

Sheet Errors
B2: Error Type | C2: Formula | D2: Description | E2: =IFERROR() | F2: =IFNA()
B3: =1/0 -> #DIV/0! | C3: =1/0 | D3: The formula is trying to divide by zero | E3: =IFERROR(B3, "This text hides the error") -> This text hides the error | F3: =_xlfn.IFNA(B3, "This hides #N/A error") -> #DIV/0!
B4: =A4 + "text" -> #VALUE! | C4: =B4 + "text" | D4: The formula includes an argument of the wrong type | E4: =IFERROR(B4, "This text hides the error") -> This text hides the error | F4: =_xlfn.IFNA(B4, "This hides #N/A error") -> #VALUE!
B5: =#REF! -> #REF! | C5: =#REF! | D5: The formula refers to a cell that isn’t valid (usually deleted cell) | E5: =IFERROR(B5, "This text hides the error") -> This text hides the error | F5: =_xlfn.IFNA(B5, "This hides #N/A error") -> #REF!
B6: {=COUNTT(A3:A9)} -> #NAME? | C6: =COUNTT(A3:A9) | D6: The formula uses a name that Excel doesn’t recognize | E6: =IFERROR(B6, "This text hides the error") -> This text hides the error | F6: =_xlfn.IFNA(B6, "This hides #N/A error") -> #NAME?
B7: =VLOOKUP("Value", A1:A10, 2, FALSE) -> #N/A | C7: =VLOOKUP("Value", A1:A10, 2, FALSE) | D7: The formula is referring to a cell whose data isn’t available | E7: =IFERROR(B7, "This text hides the error") -> This text hides the error | F7: =_xlfn.IFNA(B7, "This hides #N/A error") -> This hides #N/A error
B8: =SQRT(-1) -> #NUM! | C8: =SQRT(-1) | D8: There is a problem with the value in the formula | E8: =IFERROR(B8, "This text hides the error") -> This text hides the error | F8: =_xlfn.IFNA(B8, "This hides #N/A error") -> #NUM!
B9: =SUM(A1:A10 C1:C10) -> #NULL! | C9: =SUM(A1:A10 B1:B10) | D9: The formula is trying to use an intersection of two ranges that don’t intersect | E9: =IFERROR(B9, "This text hides the error") -> This text hides the error | F9: =_xlfn.IFNA(B9, "This hides #N/A error") -> #NULL!

Sheet And-Or
B2: Conditon 1 | C2: Condition 2 | D2: =AND() | E2: =OR()
B3: TRUE | C3: TRUE | D3: =AND(B3,C3) -> TRUE | E3: =OR(B3,C3) -> TRUE
B4: TRUE | C4: FALSE | D4: =AND(B4,C4) -> FALSE | E4: =OR(B4,C4) -> TRUE
B5: FALSE | C5: TRUE | D5: =AND(B5,C5) -> FALSE | E5: =OR(B5,C5) -> TRUE
B6: FALSE | C6: FALSE | D6: =AND(B6,C6) -> FALSE | E6: =OR(B6,C6) -> FALSE
